{"cameraMode":{"drawMode":0,"name":"Shaded","section":"Shading Mode"},"sceneLighting":true,"audioPlay":false,"sceneViewState":{"showFog":true,"showMaterialUpdate":false,"showSkybox":true,"showFlares":true,"showImageEffects":true,"showParticleSystems":true},"in2DMode":false,"pivot":{"x":-1.5650368928909302,"y":2.1420538425445558,"z":-0.7421875},"rotation":{"x":-0.22497932612895966,"y":-0.538212239742279,"z":0.1517394632101059,"w":-0.7979439496994019},"size":15.370951652526856,"orthographic":false}